country,region,alpha_2_code,alpha_3_code,un_code,carbon_index
Afghanistan,Whole country,AF,AFG,4,166.667
Albania,Whole country,AL,ALB,8,24.482
Algeria,Whole country,DZ,DZA,12,485.45
American Samoa,Whole country,AS,ASM,16,687.5
Angola,Whole country,AO,AGO,24,173.169
Antigua and Barbuda,Whole country,AG,ATG,28,676.471
Argentina,Whole country,AR,ARG,32,353.052
Armenia,Whole country,AM,ARM,51,209.016
Aruba,Whole country,AW,ABW,533,586.957
Australia,Whole country,AU,AUS,36,560.384
Australia,ACT,AU,AUS,36,790
Australia,Australian Capital Territory,AU,AUS,36,790
Australia,New South Wales,AU,AUS,36,790
Australia,Northern Territory,AU,AUS,36,570
Australia,Queensland,AU,AUS,36,800
Australia,South Australia,AU,AUS,36,350
Australia,Tasmania,AU,AUS,36,160
Australia,Victoria,AU,AUS,36,960
Australia,Western Australia,AU,AUS,36,680
Austria,Whole country,AT,AUT,40,142.506
Azerbaijan,Whole country,AZ,AZE,31,537.051
Bahamas,Whole country,BS,BHS,44,700
Bahrain,Whole country,BH,BHR,48,490.14
Bangladesh,Whole country,BD,BGD,50,550.318
Barbados,Whole country,BB,BRB,52,676.471
Belarus,Whole country,BY,BLR,112,472.122
Belgium,Whole country,BE,BEL,56,198.201
Belize,Whole country,BZ,BLZ,84,483.871
Benin,Whole country,BJ,BEN,204,652.174
Bhutan,Whole country,BT,BTN,64,23.464
Bolivia,Whole country,BO,BOL,68,319.834
Bosnia and Herzegovina,Whole country,BA,BIH,70,522.042
Botswana,Whole country,BW,BWA,72,800
Brazil,Whole country,BR,BRA,76,113.069
British Virgin Islands,Whole country,VG,VGB,92,714.286
Brunei,Whole country,BN,BRN,96,659.483
Bulgaria,Whole country,BG,BGR,100,327.368
Burkina Faso,Whole country,BF,BFA,854,633.721
Burundi,Whole country,BI,BDI,108,218.75
Cambodia,Whole country,KH,KHM,116,423.664
Cameroon,Whole country,CM,CMR,120,253.915
Canada,Whole country,CA,CAN,124,120.486
Canada,Alberta,CA,CAN,124,620
Canada,British Columbia,CA,CAN,124,18.6
Canada,Manitoba,CA,CAN,124,1.2
Canada,New Brunswick,CA,CAN,124,260
Canada,Newfoundland and Labrador,CA,CAN,124,28
Canada,Nova Scotia,CA,CAN,124,760
Canada,Northwest Territories,CA,CAN,124,200
Canada,Nunavut ,CA,CAN,124,850
Canada,Ontario,CA,CAN,124,30
Canada,Prince Edward Island,CA,CAN,124,2
Canada,Quebec,CA,CAN,124,1.2
Canada,Saskatchewan,CA,CAN,124,660
Canada,Yukon,CA,CAN,124,101
Cape Verde,Whole country,CV,CPV,132,574.468
Cayman Islands,Whole country,KY,CYM,136,685.714
Central African Republic,Whole country,CF,CAF,140,0
Chad,Whole country,TD,TCD,148,666.667
Chile,Whole country,CL,CHL,152,386.545
China,Whole country,CN,CHN,156,549.534
Colombia,Whole country,CO,COL,170,210.526
Comoros,Whole country,KM,COM,174,700
Congo,Whole country,CG,COG,178,374.663
Cook Islands,Whole country,CK,COK,184,500
Costa Rica,Whole country,CR,CRI,188,32.59
Cote d'Ivoire,Whole country,CI,CIV,384,421.436
Croatia,Whole country,HR,HRV,191,234.139
Cuba,Whole country,CU,CUB,192,609.969
Cyprus,Whole country,CY,CYP,196,618.557
Czechia,Whole country,CZ,CZE,203,397.253
Democratic Republic of Congo,Whole country,CD,COD,180,25.946
Denmark,Whole country,DK,DNK,208,188.653
Djibouti,Whole country,DJ,DJI,262,666.667
Dominica,Whole country,DM,DMA,212,454.545
Dominican Republic,Whole country,DO,DOM,214,625.139
Ecuador,Whole country,EC,ECU,218,134.634
Egypt,Whole country,EG,EGY,818,470.506
El Salvador,Whole country,SV,SLV,222,183.074
Equatorial Guinea,Whole country,GQ,GNQ,226,628.319
Eritrea,Whole country,ER,ERI,232,652.174
Estonia,Whole country,EE,EST,233,440.336
Eswatini,Whole country,SZ,SWZ,748,212.121
Ethiopia,Whole country,ET,ETH,231,25.442
Faeroe Islands,Whole country,FO,FRO,234,384.615
Falkland Islands,Whole country,FK,FLK,238,500
Fiji,Whole country,FJ,FJI,242,295.238
Finland,Whole country,FI,FIN,246,141.88
France,Whole country,FR,FRA,250,67.53
French Guiana,Whole country,GF,GUF,254,360
French Polynesia,Whole country,PF,PYF,258,470.588
Gabon,Whole country,GA,GAB,266,305.648
Gambia,Whole country,GM,GMB,270,700
Georgia,Whole country,GE,GEO,268,136.488
Germany,Whole country,DE,DEU,276,332.495
Ghana,Whole country,GH,GHA,288,343.552
Greece,Whole country,GR,GRC,300,387.988
Greenland,Whole country,GL,GRL,304,133.333
Grenada,Whole country,GD,GRD,308,714.286
Guadeloupe,Whole country,GP,GLP,312,593.939
Guam,Whole country,GU,GUM,316,672.316
Guatemala,Whole country,GT,GTM,320,278.46
Guinea,Whole country,GN,GIN,324,182.099
Guinea-Bissau,Whole country,GW,GNB,624,750
Guyana,Whole country,GY,GUY,328,629.31
Haiti,Whole country,HT,HTI,332,612.245
Honduras,Whole country,HN,HND,340,345.714
Hong Kong,Whole country,HK,HKG,344,684.989
Hungary,Whole country,HU,HUN,348,246.981
Iceland,Whole country,IS,ISL,352,28.751
India,Whole country,IN,IND,356,625.573
Indonesia,Whole country,ID,IDN,360,663.488
Iran,Whole country,IR,IRN,364,487.99
Iraq,Whole country,IQ,IRQ,368,517.746
Ireland,Whole country,IE,IRL,372,312.812
Israel,Whole country,IL,ISR,376,556.772
Italy,Whole country,IT,ITA,380,336.714
Jamaica,Whole country,JM,JAM,388,543.943
Japan,Whole country,JP,JPN,392,472.57
Jordan,Whole country,JO,JOR,400,435.138
Kazakhstan,Whole country,KZ,KAZ,398,655.38
Kenya,Whole country,KE,KEN,404,79.812
Kiribati,Whole country,KI,KIR,296,666.667
Kuwait,Whole country,KW,KWT,414,489.576
Kyrgyzstan,Whole country,KG,KGZ,417,80.928
Laos,Whole country,LA,LAO,418,304.638
Latvia,Whole country,LV,LVA,428,223.776
Lebanon,Whole country,LB,LBN,422,546.214
Lesotho,Whole country,LS,LSO,426,20
Liberia,Whole country,LR,LBR,430,273.81
Libya,Whole country,LY,LBY,434,552.366
Lithuania,Whole country,LT,LTU,440,262.693
Luxembourg,Whole country,LU,LUX,442,196.721
Macao,Whole country,MO,MAC,446,482.143
Madagascar,Whole country,MG,MDG,450,419.689
Malawi,Whole country,MW,MWI,454,113.924
Malaysia,Whole country,MY,MYS,458,589.3
Maldives,Whole country,MV,MDV,462,704.918
Mali,Whole country,ML,MLI,466,472.892
Malta,Whole country,MT,MLT,470,448.113
Martinique,Whole country,MQ,MTQ,474,656.25
Mauritania,Whole country,MR,MRT,478,530.055
Mauritius,Whole country,MU,MUS,480,609.489
Mexico,Whole country,MX,MEX,484,410.689
Moldova,Whole country,MD,MDA,498,656.794
Mongolia,Whole country,MN,MNG,496,733.333
Montenegro,Whole country,ME,MNE,499,401.18
Montserrat,Whole country,MS,MSR,500,500
Morocco,Whole country,MA,MAR,504,624.966
Mozambique,Whole country,MZ,MOZ,508,134.444
Myanmar,Whole country,MM,MMR,104,312.683
Namibia,Whole country,,NAM,516,48.077
Nauru,Whole country,NR,NRU,520,666.667
Nepal,Whole country,NP,NPL,524,22.654
Netherlands,Whole country,NL,NLD,528,394.117
New Caledonia,Whole country,NC,NCL,540,637.631
New Zealand,Whole country,NZ,NZL,554,149.274
Nicaragua,Whole country,NI,NIC,558,350.731
Niger,Whole country,NE,NER,562,672.414
Nigeria,Whole country,NG,NGA,566,398.363
North Korea,Whole country,KP,PRK,408,155.161
North Macedonia,Whole country,MK,MKD,807,528.09
Norway,Whole country,NO,NOR,578,30.985
Oman,Whole country,OM,OMN,512,489.87
Pakistan,Whole country,PK,PAK,586,355.967
Palestine,Whole country,PS,PSE,275,630.769
Panama,Whole country,PA,PAN,591,242.57
Papua New Guinea,Whole country,PG,PNG,598,556.931
Paraguay,Whole country,PY,PRY,600,23.916
Peru,Whole country,PE,PER,604,230.647
Philippines,Whole country,PH,PHL,608,578.009
Poland,Whole country,PL,POL,616,647.321
Portugal,Whole country,PT,PRT,620,251.843
Puerto Rico,Whole country,PR,PRI,630,601.734
Qatar,Whole country,QA,QAT,634,489.87
Reunion,Whole country,RE,REU,638,452.769
Romania,Whole country,RO,ROU,642,244.876
Russia,Whole country,RU,RUS,643,347.451
Russia,Belgorod Oblast,RU,RUS,643,240.56
Russia,Vladimir,RU,RUS,643,240.56
Russia,Voronezj,RU,RUS,643,240.56
Russia,Vologda,RU,RUS,643,240.56
Russia,Kostroma Oblast,RU,RUS,643,240.56
Russia,Kursk,RU,RUS,643,240.56
Russia,Orel Oblast,RU,RUS,643,240.56
Russia,Lipetsk Oblast,RU,RUS,643,240.56
Russia,Ryazan Oblast,RU,RUS,643,240.56
Russia,Bryansk Oblast ,RU,RUS,643,240.56
Russia,Kaluga,RU,RUS,643,240.56
Russia,Smolensk,RU,RUS,643,240.56
Russia,Tambov,RU,RUS,643,240.56
Russia,Tver Oblast,RU,RUS,643,240.56
Russia,Tula,RU,RUS,643,240.56
Russia,Jaroslavl,RU,RUS,643,240.56
Russia,Moscow Oblast,RU,RUS,643,240.56
Russia,Ivanovo,RU,RUS,643,240.56
Russia,Moscow,RU,RUS,643,240.56
Russia,Astrakhan,RU,RUS,643,218.85
Russia,Volgograd Oblast,RU,RUS,643,218.85
Russia,Dagestan,RU,RUS,643,218.85
Russia,Adygeya Republic,RU,RUS,643,218.85
Russia,Krasnoyarskiy,RU,RUS,643,218.85
Russia,Kalmykiya Republic,RU,RUS,643,218.85
Russia,Crimea,RU,RUS,643,218.85
Russia,Rostov,RU,RUS,643,218.85
Russia,Ingushetiya Republic,RU,RUS,643,218.85
Russia,Kabardino-Balkariya Republic,RU,RUS,643,218.85
Russia,Karachayevo-Cherkesiya Republic,RU,RUS,643,218.85
Russia,North Ossetia,RU,RUS,643,218.85
Russia,Chechnya,RU,RUS,643,218.85
Russia,Stavropol’ Kray,RU,RUS,643,218.86
Russia,Stavropol Kray,RU,RUS,643,218.85
Russia,Sevastopol City,RU,RUS,643,218.85
Russia,Penza,RU,RUS,643,186.07
Russia,Samara Oblast,RU,RUS,643,186.07
Russia,Saratovskaya Oblast,RU,RUS,643,186.07
Russia,Ulyanovsk,RU,RUS,643,186.07
Russia,Nizhny Novgorod Oblast,RU,RUS,643,186.07
Russia,Chuvashia,RU,RUS,643,186.07
Russia,Mariy-El Republic,RU,RUS,643,186.07
Russia,Mordoviya Republic,RU,RUS,643,186.07
Russia,Tatarstan Republic,RU,RUS,643,186.07
Russia,St.-Petersburg,RU,RUS,643,224.45
Russia,Murmansk,RU,RUS,643,53.51
Russia,Kaliningrad,RU,RUS,643,387.1
Russia,Leningradskaya Oblast,RU,RUS,643,224.45
Russia,Novgorod Oblast,RU,RUS,643,224.45
Russia,Pskov Oblast,RU,RUS,643,224.45
Russia,Nenets,RU,RUS,643,600.13
Russia,Arkhangelsk Oblast,RU,RUS,643,600.14
Russia,Karelia,RU,RUS,643,224.45
Russia,Komi,RU,RUS,643,754.98
Russia,Bashkortostan Republic,RU,RUS,643,468.85
Russia,Udmurtiya Republic,RU,RUS,643,468.85
Russia,Khanty-Mansia,RU,RUS,643,468.85
Russia,Yamalo-Nenets,RU,RUS,643,468.85
Russia,Perm,RU,RUS,643,468.85
Russia,Kirov,RU,RUS,643,468.85
Russia,Kurgan Oblast,RU,RUS,643,468.85
Russia,Orenburg Oblast,RU,RUS,643,468.85
Russia,Sverdlovsk,RU,RUS,643,468.85
Russia,Tyumen’ Oblast,RU,RUS,643,468.85
Russia,Chelyabinsk,RU,RUS,643,468.85
Russia,Altai,RU,RUS,643,363.41
Russia,Buryatiya Republic,RU,RUS,643,363.42
Russia,Tyva Republic,RU,RUS,643,363.42
Russia,Khakasiya Republic,RU,RUS,643,363.42
Russia,Altay Kray,RU,RUS,643,363.42
Russia,Transbaikal Territory,RU,RUS,643,363.42
Russia,Krasnoyarsk Krai,RU,RUS,643,363.42
Russia,Irkutsk Oblast,RU,RUS,643,363.42
Russia,Kemerovo Oblast,RU,RUS,643,363.42
Russia,Novosibirsk Oblast,RU,RUS,643,363.42
Russia,Omsk,RU,RUS,643,363.42
Russia,Tomsk Oblast,RU,RUS,643,363.42
Russia,Amur Oblast,RU,RUS,643,443.02
Russia,Primorskiy (Maritime) Kray,RU,RUS,643,443.02
Russia,Primorskiy Kray,RU,RUS,643,443.03
Russia,Khabarovsk,RU,RUS,643,443.02
Russia,Jewish Autonomous Oblast,RU,RUS,643,443.02
Russia,Sakha,RU,RUS,643,443.02
Rwanda,Whole country,RW,RWA,646,377.358
Saint Kitts and Nevis,Whole country,KN,KNA,659,681.818
Saint Lucia,Whole country,LC,LCA,662,685.714
Saint Pierre and Miquelon,Whole country,PM,SPM,666,800
Saint Vincent and the Grenadines,Whole country,VC,VCT,670,500
Samoa,Whole country,WS,WSM,882,428.571
Sao Tome and Principe,Whole country,ST,STP,678,666.667
Saudi Arabia,Whole country,SA,SAU,682,570.473
Senegal,Whole country,SN,SEN,686,545.29
Serbia,Whole country,RS,SRB,688,597.905
Seychelles,Whole country,SC,SYC,690,693.878
Sierra Leone,Whole country,SL,SLE,694,47.619
Singapore,Whole country,SG,SGP,702,488.668
Slovakia,Whole country,SK,SVK,703,158.741
Slovenia,Whole country,SI,SVN,705,245.708
Solomon Islands,Whole country,SB,SLB,90,700
Somalia,Whole country,SO,SOM,706,657.143
South Africa,Whole country,ZA,ZAF,710,720.023
South Korea,Whole country,KR,KOR,410,444.398
South Sudan,Whole country,SS,SSD,728,709.091
Spain,Whole country,ES,ESP,724,199.515
Sri Lanka,Whole country,LK,LKA,144,494.275
Sudan,Whole country,SD,SDN,736,266.106
Suriname,Whole country,SR,SUR,740,305.085
Sweden,Whole country,SE,SWE,752,42.371
Switzerland,Whole country,CH,CHE,756,55.166
Syria,Whole country,SY,SYR,760,538.554
Taiwan,Whole country,TW,TWN,158,563.381
Tajikistan,Whole country,TJ,TJK,762,73.489
Tanzania,Whole country,TZ,TZA,834,386.792
Thailand,Whole country,TH,THA,764,506.537
Togo,Whole country,TG,TGO,768,592.593
Tonga,Whole country,TO,TON,776,666.667
Trinidad and Tobago,Whole country,TT,TTO,780,520.278
Tunisia,Whole country,TN,TUN,788,471.087
Turkey,Whole country,TR,TUR,792,411.302
Turkmenistan,Whole country,TM,TKM,795,544.381
Turks and Caicos Islands,Whole country,TC,TCA,796,708.333
Uganda,Whole country,UG,UGA,800,77.088
Ukraine,Whole country,UA,UKR,804,279.239
United Arab Emirates,Whole country,AE,ARE,784,471.57
United Kingdom,Whole country,GB,GBR,826,245.715
United States,Whole country,US,USA,840,369.571
United States,Alaska,US,USA,840,442.22
United States,Alabama,US,USA,840,356.33
United States,Arkansas,US,USA,840,511.63
United States,Arizona,US,USA,840,396.13
United States,California,US,USA,840,175.62
United States,Colorado,US,USA,840,603.76
United States,Connecticut,US,USA,840,361.83
United States,Delaware,US,USA,840,16.5
United States,Florida,US,USA,840,397.93
United States,Georgia,US,USA,840,399.59
United States,Hawaii,US,USA,840,708.84
United States,Iowa,US,USA,840,390.75
United States,Idaho,US,USA,840,95.88
United States,Illinois,US,USA,840,329.21
United States,Indiana,US,USA,840,741.26
United States,Kansas,US,USA,840,405.35
United States,Kentucky,US,USA,840,807.68
United States,Louisiana,US,USA,840,374.81
United States,Massachusetts,US,USA,840,354.06
United States,Maryland,US,USA,840,335.07
United States,Maine,US,USA,840,96.87
United States,Michigan,US,USA,840,459.68
United States,Minnesota,US,USA,840,399.58
United States,Missouri,US,USA,840,725.21
United States,Mississippi,US,USA,840,379.82
United States,Montana,US,USA,840,572.76
United States,North Carolina,US,USA,840,353.59
United States,North Dakota,US,USA,840,656.57
United States,Nebraska,US,USA,840,574.08
United States,New Hampshire,US,USA,840,116.23
United States,New Jersey,US,USA,840,247.29
United States,New Mexico,US,USA,840,601.86
United States,Nevada,US,USA,840,335.35
United States,New York,US,USA,840,171.57
United States,Ohio,US,USA,840,563.57
United States,Oklahoma,US,USA,840,333.05
United States,Oregon,US,USA,840,180.59
United States,Pennsylvania,US,USA,840,344.17
United States,Rhode Island,US,USA,840,386.59
United States,South Carolina,US,USA,840,244.21
United States,South Dakota,US,USA,840,223.22
United States,Tennessee,US,USA,840,319.5
United States,Texas,US,USA,840,414.32
United States,Utah,US,USA,840,726.57
United States,Virginia,US,USA,840,288.42
United States,Vermont,US,USA,840,23.25
United States,Washington,US,USA,840,135.67
United States,Wisconsin,US,USA,840,559.27
United States,West Virginia,US,USA,840,882.35
United States,Virgin Islands,US,USA,840,693.548
United States,Wyoming,US,USA,840,938.48
United States Virgin Islands,Whole country,VI,VIR,850,693.548
Uruguay,Whole country,UY,URY,858,106.013
Uzbekistan,Whole country,UZ,UZB,860,496.78
Vanuatu,Whole country,VU,VUT,548,571.429
Venezuela,Whole country,VE,VEN,862,192.012
Vietnam,Whole country,VN,VNM,704,546.025
World,Whole country,WORLD,WORLD,WORLD,436.529
Yemen,Whole country,YE,YEM,887,540.698
Zambia,Whole country,ZM,ZMB,894,120.776
Zimbabwe,Whole country,ZW,ZWE,716,288.24